"%s. Please try again or attempt refreshing the page.","%s. Bitte versuchen Sie es erneut oder aktualisieren Sie die Seite."
"4px 0 8px 0;" border="0"/><br />To use this module you will need an existing production or sandbox Braintree account. You can apply at <a href="https://www.braintreepayments.com">braintreepayments.com</a>.<br />Braintree v.zero integration provided by <a href="http://gene.co.uk/" target="_blank">Gene Commerce</a>.","4px 0 8px 0;" border="0"/><br />Um dieses Modul zu verwenden benötigen Sie ein bestehendes Braintree-Produktiv- oder Sandbox-Konto. Sie können sich unter <a href="https://www.braintreepayments.com">braintreepayments.com</a> anmelden.<br />Braintree v.zero Integration bereitgestellt von <a href="http://gene.co.uk/" target="_blank">Gene Commerce</a>."
"6px 0;" /><br />You must first configure the <strong>Braintree v.zero - Configuration</strong> section with your Braintree account details.","6px 0;" /><br />Sie müssen zunächst den Bereich <strong>Braintree v.zero - Configuration</strong> mit Ihren Braintree-Kontodaten konfigurieren."
"<strong>Authorize & Capture</strong> - We will instantly settle the transaction within the checkout.","<strong>Autorisieren & Einziehen</strong> - Wir buchen die Transaktion sofort im Checkout ab."
"<strong>Authorize</strong> - Will only auth the payment and store a token, the transaction will not be settled.<br />","<strong>Autorisieren</strong> - Autorisiert nur die Zahlung und speichert ein Token, die Transaktion wird nicht abgebucht.<br />"
"<strong>Future Payments</strong> - Allows us to save the customers PayPal account for later purchases and use with the Vault","<strong>Zukünftige Zahlungen</strong> - Ermöglicht es uns, das PayPal-Konto des Kunden für spätere Käufe und zur Verwendung mit dem Vault zu speichern"
"<strong>Single Payment</strong> - Will only require the customer to sign in, we will only be able to take a single payment<br />","<strong>Einmalzahlung</strong> - Erfordert lediglich, dass sich der Kunde anmeldet, wir können nur eine einmalige Zahlung entgegennehmen<br />"
"<strong>Warning:</strong> Do not use 'Sandbox' on a production environment.<br />","<strong>Warnung:</strong> Verwenden Sie 'Sandbox' nicht in einer Produktivumgebung.<br />"
"Amount","Betrag"
"Are you sure you want to remove this payment method?","Sind Sie sicher, dass Sie diese Zahlungsmethode entfernen möchten?"
"Australia","Australien"
"Authorization Expired","Autorisierung abgelaufen"
"Authorize","Autorisieren"
"Authorize & Capture","Autorisieren & Einziehen"
"Authorized","Autorisiert"
"Authorizing","Wird autorisiert"
"Braintree Account Details","Braintree-Kontodaten"
"Braintree offers a direct integration with Kount, our partner for providing advanced fraud detection technology. To use this feature, you must be processing at least 2500 transactions per month, and you’ll be subject to additional fees from Kount for their services. To get started, contact accounts@braintreepayments.com. You can view more information <a href="https://developers.braintreepayments.com/javascript+php/guides/fraud-tools">here</a>.","Braintree bietet eine direkte Integration mit Kount, unserem Partner für fortschrittliche Technologie zur Betrugserkennung. Um diese Funktion zu nutzen, müssen Sie mindestens 2500 Transaktionen pro Monat abwickeln und es fallen zusätzliche Gebühren von Kount für deren Dienste an. Um zu beginnen, kontaktieren Sie accounts@braintreepayments.com. Weitere Informationen finden Sie <a href="https://developers.braintreepayments.com/javascript+php/guides/fraud-tools">hier</a>."
"Braintree PHP SDK Version","Braintree PHP SDK-Version"
"Braintree Status","Braintree-Status"
"Braintree Transactions","Braintree-Transaktionen"
"Braintree v.zero - Configuration","Braintree v.zero - Konfiguration"
"Braintree v.zero - Credit Card","Braintree v.zero - Kreditkarte"
"Braintree v.zero - PayPal","Braintree v.zero - PayPal"
"Buy Now","Jetzt kaufen"
"Canada","Kanada"
"Cancel","Abbrechen"
"Capture","Einziehen"
"Capture Action","Einzugsaktion"
"Card Number","Kartennummer"
"Card Verification Number","Kartenprüfnummer"
"Checkout with PayPal","Mit PayPal bezahlen"
"Close","Schließen"
"Complete checkout with","Bezahlvorgang abschließen mit"
"Complete Order Status","Bestellstatus abgeschlossen"
"Credit Card Number","Kreditkartennummer"
"Credit Card Types","Kreditkartentypen"
"CSV","CSV"
"Currency","Währung"
"CVV","CVV"
"CVV Verification","CVV-Prüfung"
"Debug","Debug"
"Debugging will cause a log to be written to the <strong>var/log/gene_braintree.log</strong> file. As no credit card data ever hits the server this file will never contain any crucial customer information.","Beim Debugging wird ein Protokoll in die Datei <strong>var/log/gene_braintree.log</strong> geschrieben. Da niemals Kreditkartendaten den Server erreichen, enthält diese Datei niemals wichtige Kundeninformationen."
"Display","Anzeige"
"Enable 3D Secure","3D Secure aktivieren"
"Enabled","Aktiviert"
"Enable Vault","Vault aktivieren"
"Enable Vault/Saved Cards","Vault/Gespeicherte Karten aktivieren"
"Environment","Umgebung"
"Excel XML","Excel XML"
"Expiration Date","Ablaufdatum"
"Expires:","Läuft ab:"
"Expiry Month","Ablaufmonat"
"Expiry Year","Ablaufjahr"
"Failed","Fehlgeschlagen"
"Features","Funktionen"
"France","Frankreich"
"Future Payments","Zukünftige Zahlungen"
"Gateway Rejected","Vom Gateway abgelehnt"
"Gateway rejected: AVS","Bei der Überprüfung Ihrer Rechnungsadresse ist ein Problem aufgetreten."
"Germany","Deutschland"
"Grand total:","Gesamtsumme:"
"Great Britain & Ireland","Großbritannien & Irland"
"Hong Kong","Hongkong"
"ID","ID"
"If you're just authorizing transactions you can define at what point they should be submitted for settlement.","Wenn Sie Transaktionen nur autorisieren, können Sie festlegen, zu welchem Zeitpunkt sie zur Abbuchung eingereicht werden sollen."
"Invoice","Rechnung"
"is invalid.","ist ungültig."
"Italy","Italien"
"Kount Merchant ID","Kount Merchant ID"
"Locale","Gebietsschema"
"Magento Braintree v.zero Version","Magento Braintree v.zero Version"
"Magento Order ID","Magento Order ID"
"Magento Status","Magento-Status"
"Merchant Account ID","Merchant Account ID"
"Merchant ID","Merchant ID"
"New Credit Card","Neue Kreditkarte"
"New Order Status","Neuer Bestellstatus"
"Payment Action","Zahlungsaktion"
"Payment from Applicable Countries","Zahlung aus zutreffenden Ländern"
"Payment from Specific Countries","Zahlung aus bestimmten Ländern"
"Payment Information","Zahlungsinformationen"
"Payment Type","Zahlungsart"
"Place Order","Bestellung aufgeben"
"Please provide a shipping address.","Bitte geben Sie eine Lieferadresse an."
"Please select a shipping method.","Bitte wählen Sie eine Versandart."
"Private Key","Privater Schlüssel"
"Processor Declined","Vom Zahlungsdienstleister abgelehnt"
"Production","Produktion"
"Public Key","Öffentlicher Schlüssel"
"Sadly, we're unable to accept this type of card, please try another.","Leider können wir diesen Kartentyp nicht akzeptieren, bitte versuchen Sie eine andere Karte."
"Sandbox","Sandbox"
"Saved Cards","Gespeicherte Karten"
"Saved Payment Information","Gespeicherte Zahlungsinformationen"
"Save this account for future use","Dieses Konto für zukünftige Verwendung speichern"
"Save this card for future use","Diese Karte für zukünftige Verwendung speichern"
"Settled","Abgebucht"
"Settlement Declined","Abbuchung abgelehnt"
"Settlement Pending","Abbuchung ausstehend"
"Settling","Wird abgebucht"
"Shipment","Sendung"
"Shipping method:","Versandart:"
"Should we verify the CVV against the card?","Sollen wir die CVV mit der Karte abgleichen?"
"Single Payment","Einmalzahlung"
"Sorry, we were unable to process your request. Please try again.","Es tut uns leid, wir konnten Ihre Anfrage nicht verarbeiten. Bitte versuchen Sie es erneut."
"Sort Order","Sortierreihenfolge"
"Spain","Spanien"
"Storing the customers PayPal in the vault will allow them to instantly purchase any product without having to login to PayPal again.","Durch das Speichern des PayPal-Kontos des Kunden im Vault kann dieser jedes Produkt sofort kaufen, ohne sich erneut bei PayPal anmelden zu müssen."
"Submitted For Settlement","Zur Abbuchung eingereicht"
"Testing Settings","Testeinstellungen"
"The 3D Secure feature enables the shopper to enter a password to confirm their identity with the card issuer. If accepted they then complete their order, and when received by you, you have much more confidence that is genuine and real.","Die 3D Secure-Funktion ermöglicht es dem Käufer, ein Passwort einzugeben, um seine Identität beim Kartenaussteller zu bestätigen. Bei Annahme schließt er dann seine Bestellung ab, und wenn Sie diese erhalten, können Sie sich viel sicherer sein, dass sie echt und authentisch ist."
"The following credit cards accounts are currently linked with your account.","Die folgenden Kreditkartenkonten sind derzeit mit Ihrem Konto verknüpft."
"The following PayPal accounts are currently linked with your account.","Die folgenden PayPal-Konten sind derzeit mit Ihrem Konto verknüpft."
"The locale for the PayPal popup window","Das Gebietsschema für das PayPal-Popup-Fenster"
"There are a number of errors present with the credit card form:","Im Kreditkartenformular sind mehrere Fehler vorhanden:"
"There has been an issue processing your PayPal payment, please try again.","Bei der Verarbeitung Ihrer PayPal-Zahlung ist ein Problem aufgetreten, bitte versuchen Sie es erneut."
"There was an issue whilst trying to process your card payment, please try again or another method.","Bei der Verarbeitung Ihrer Kartenzahlung ist ein Problem aufgetreten, bitte versuchen Sie es erneut oder verwenden Sie eine andere Methode."
"The vault allows you to securely store the customers credit card on Braintree's servers. We're provided with a token which allows the customer to make future payments without having to enter any details again.","Der Vault ermöglicht es Ihnen, die Kreditkarte des Kunden sicher auf den Servern von Braintree zu speichern. Wir erhalten ein Token, mit dem der Kunde zukünftige Zahlungen vornehmen kann, ohne erneut Daten eingeben zu müssen."
"Title","Titel"
"Transaction Date","Transaktionsdatum"
"Type","Typ"
"United States","Vereinigte Staaten"
"Unrecognized","Nicht erkannt"
"Valid Credentials","Gültige Anmeldedaten"
"Voided","Storniert"
"We cannot detect the card type for this card number, please try re-entering your card details.","Wir können den Kartentyp für diese Kartennummer nicht erkennen, bitte geben Sie Ihre Kartendaten erneut ein."
"We cannot match this card number to any of our accepted payment methods, please try re-entering your details.","Wir können diese Kartennummer keiner unserer akzeptierten Zahlungsmethoden zuordnen, bitte geben Sie Ihre Daten erneut ein."
"We require a CVV when creating card transactions.","Wir benötigen eine CVV bei der Erstellung von Kartentransaktionen."
"We were unable to complete the request. Please try again.","Wir konnten die Anfrage nicht abschließen. Bitte versuchen Sie es erneut."
"We were unable to complete your purchase through PayPal, please try again or an alternative payment method.","Wir konnten Ihren Kauf über PayPal nicht abschließen, bitte versuchen Sie es erneut oder verwenden Sie eine alternative Zahlungsmethode."
"We were unable to process the country.","Wir konnten das Land nicht verarbeiten."
"We were unable to process the response from PayPal. Please try again.","Wir konnten die Antwort von PayPal nicht verarbeiten. Bitte versuchen Sie es erneut."
"We were unable to start the express checkout.","Wir konnten den Express-Checkout nicht starten."
"We\'re currently unable to process this card type, please try another card or payment method.","Wir können diesen Kartentyp derzeit nicht verarbeiten, bitte versuchen Sie eine andere Karte oder Zahlungsmethode."
"You're able to use any of the listed payment methods below when purchasing through our checkout, you're able to add new payment methods within the checkout.","Sie können jede der unten aufgeführten Zahlungsmethoden beim Kauf über unseren Checkout verwenden, Sie können neue Zahlungsmethoden innerhalb des Checkouts hinzufügen."
"You're ready to accept payments via Braintree","Sie sind bereit, Zahlungen über Braintree entgegenzunehmen"
"You currently have no saved payment information, you can save a payment method when making a purchase.","Sie haben derzeit keine gespeicherten Zahlungsinformationen, Sie können eine Zahlungsmethode beim Kauf speichern."
"You must first configure the <strong>Braintree v.zero - Configuration</strong> section with your Braintree account details.","Sie müssen zunächst den Bereich <strong>Braintree v.zero - Configuration</strong> mit Ihren Braintree-Kontodaten konfigurieren."
"Your 3D secure verification has failed, please try using another card, or payment method.","Ihre 3D Secure-Verifizierung ist fehlgeschlagen, bitte versuchen Sie eine andere Karte oder Zahlungsmethode."
"Your API details above will need to reflect your Sandbox or your Production account.","Ihre oben angegebenen API-Daten müssen Ihrem Sandbox- oder Ihrem Produktivkonto entsprechen."
"Your card payment has failed, please try again.","Ihre Kartenzahlung ist fehlgeschlagen, bitte versuchen Sie es erneut."
"Your Order","Ihre Bestellung"
"Your payment has failed 3D secure verification, please try an alternate payment method.","Ihre Zahlung hat die 3D Secure-Verifizierung nicht bestanden, bitte versuchen Sie eine alternative Zahlungsmethode."
"Your transaction has been declined, please try another payment method or contacting your issuing bank.","Ihre Transaktion wurde abgelehnt, bitte versuchen Sie eine andere Zahlungsmethode oder wenden Sie sich an Ihre ausstellende Bank."
"You will complete your payment via PayPal after the order review step.","Sie schließen Ihre Zahlung über PayPal nach dem Bestellübersichtsschritt ab."
