"%s. Please try again or attempt refreshing the page.","%s. Tente novamente ou atualize a página."
"4px 0 8px 0;" border="0"/><br />To use this module you will need an existing production or sandbox Braintree account. You can apply at <a href="https://www.braintreepayments.com">braintreepayments.com</a>.<br />Braintree v.zero integration provided by <a href="http://gene.co.uk/" target="_blank">Gene Commerce</a>.","4px 0 8px 0;" border="0"/><br />Para usar este módulo você precisará de uma conta Braintree de produção ou sandbox existente. Você pode se inscrever em <a href="https://www.braintreepayments.com">braintreepayments.com</a>.<br />Integração Braintree v.zero fornecida por <a href="http://gene.co.uk/" target="_blank">Gene Commerce</a>."
"6px 0;" /><br />You must first configure the <strong>Braintree v.zero - Configuration</strong> section with your Braintree account details.","6px 0;" /><br />Você deve primeiro configurar a seção <strong>Braintree v.zero - Configuration</strong> com os dados da sua conta Braintree."
"<strong>Authorize & Capture</strong> - We will instantly settle the transaction within the checkout.","<strong>Autorizar e Capturar</strong> - Liquidaremos a transação instantaneamente durante o checkout."
"<strong>Authorize</strong> - Will only auth the payment and store a token, the transaction will not be settled.<br />","<strong>Autorizar</strong> - Apenas autoriza o pagamento e armazena um token, a transação não será liquidada.<br />"
"<strong>Future Payments</strong> - Allows us to save the customers PayPal account for later purchases and use with the Vault","<strong>Pagamentos Futuros</strong> - Permite salvar a conta PayPal do cliente para compras futuras e uso com o Vault"
"<strong>Single Payment</strong> - Will only require the customer to sign in, we will only be able to take a single payment<br />","<strong>Pagamento Único</strong> - Exigirá apenas que o cliente faça login, poderemos realizar apenas um único pagamento<br />"
"<strong>Warning:</strong> Do not use 'Sandbox' on a production environment.<br />","<strong>Aviso:</strong> Não use 'Sandbox' em um ambiente de produção.<br />"
"Amount","Valor"
"Are you sure you want to remove this payment method?","Tem certeza de que deseja remover este método de pagamento?"
"Australia","Austrália"
"Authorization Expired","Autorização Expirada"
"Authorize","Autorizar"
"Authorize & Capture","Autorizar e Capturar"
"Authorized","Autorizado"
"Authorizing","Autorizando"
"Braintree Account Details","Dados da Conta Braintree"
"Braintree offers a direct integration with Kount, our partner for providing advanced fraud detection technology. To use this feature, you must be processing at least 2500 transactions per month, and you’ll be subject to additional fees from Kount for their services. To get started, contact accounts@braintreepayments.com. You can view more information <a href="https://developers.braintreepayments.com/javascript+php/guides/fraud-tools">here</a>.","O Braintree oferece uma integração direta com o Kount, nosso parceiro para fornecer tecnologia avançada de detecção de fraudes. Para usar este recurso, você deve processar pelo menos 2500 transações por mês e estará sujeito a taxas adicionais do Kount por seus serviços. Para começar, entre em contato com accounts@braintreepayments.com. Você pode ver mais informações <a href="https://developers.braintreepayments.com/javascript+php/guides/fraud-tools">aqui</a>."
"Braintree PHP SDK Version","Versão do SDK PHP do Braintree"
"Braintree Status","Status do Braintree"
"Braintree Transactions","Transações Braintree"
"Braintree v.zero - Configuration","Braintree v.zero - Configuração"
"Braintree v.zero - Credit Card","Braintree v.zero - Cartão de Crédito"
"Braintree v.zero - PayPal","Braintree v.zero - PayPal"
"Buy Now","Comprar Agora"
"Canada","Canadá"
"Cancel","Cancelar"
"Capture","Capturar"
"Capture Action","Ação de Captura"
"Card Number","Número do Cartão"
"Card Verification Number","Número de Verificação do Cartão"
"Checkout with PayPal","Finalizar com PayPal"
"Close","Fechar"
"Complete checkout with","Concluir checkout com"
"Complete Order Status","Status do Pedido Concluído"
"Credit Card Number","Número do Cartão de Crédito"
"Credit Card Types","Tipos de Cartão de Crédito"
"CSV","CSV"
"Currency","Moeda"
"CVV","CVV"
"CVV Verification","Verificação de CVV"
"Debug","Depuração"
"Debugging will cause a log to be written to the <strong>var/log/gene_braintree.log</strong> file. As no credit card data ever hits the server this file will never contain any crucial customer information.","A depuração fará com que um log seja gravado no arquivo <strong>var/log/gene_braintree.log</strong>. Como nenhum dado de cartão de crédito chega ao servidor, este arquivo nunca conterá informações cruciais do cliente."
"Display","Exibir"
"Enable 3D Secure","Ativar 3D Secure"
"Enabled","Ativado"
"Enable Vault","Ativar Vault"
"Enable Vault/Saved Cards","Ativar Vault/Cartões Salvos"
"Environment","Ambiente"
"Excel XML","Excel XML"
"Expiration Date","Data de Validade"
"Expires:","Válido até:"
"Expiry Month","Mês de Validade"
"Expiry Year","Ano de Validade"
"Failed","Falhou"
"Features","Recursos"
"France","França"
"Future Payments","Pagamentos Futuros"
"Gateway Rejected","Gateway Rejeitado"
"Gateway rejected: AVS","Houve um problema ao validar seu endereço de cobrança."
"Germany","Alemanha"
"Grand total:","Total geral:"
"Great Britain & Ireland","Grã-Bretanha e Irlanda"
"Hong Kong","Hong Kong"
"ID","ID"
"If you're just authorizing transactions you can define at what point they should be submitted for settlement.","Se você está apenas autorizando transações, pode definir em que momento elas devem ser enviadas para liquidação."
"Invoice","Fatura"
"is invalid.","é inválido."
"Italy","Itália"
"Kount Merchant ID","ID de Comerciante Kount"
"Locale","Idioma"
"Magento Braintree v.zero Version","Versão do Magento Braintree v.zero"
"Magento Order ID","ID do Pedido do Magento"
"Magento Status","Status do Magento"
"Merchant Account ID","ID da Conta de Comerciante"
"Merchant ID","ID de Comerciante"
"New Credit Card","Novo Cartão de Crédito"
"New Order Status","Status do Novo Pedido"
"Payment Action","Ação de Pagamento"
"Payment from Applicable Countries","Pagamento de Países Aplicáveis"
"Payment from Specific Countries","Pagamento de Países Específicos"
"Payment Information","Informações de Pagamento"
"Payment Type","Tipo de Pagamento"
"Place Order","Fazer Pedido"
"Please provide a shipping address.","Por favor, informe um endereço de entrega."
"Please select a shipping method.","Por favor, selecione um método de envio."
"Private Key","Chave Privada"
"Processor Declined","Processador Recusou"
"Production","Produção"
"Public Key","Chave Pública"
"Sadly, we're unable to accept this type of card, please try another.","Infelizmente, não podemos aceitar este tipo de cartão, por favor tente outro."
"Sandbox","Sandbox"
"Saved Cards","Cartões Salvos"
"Saved Payment Information","Informações de Pagamento Salvas"
"Save this account for future use","Salvar esta conta para uso futuro"
"Save this card for future use","Salvar este cartão para uso futuro"
"Settled","Liquidado"
"Settlement Declined","Liquidação Recusada"
"Settlement Pending","Liquidação Pendente"
"Settling","Liquidando"
"Shipment","Remessa"
"Shipping method:","Método de envio:"
"Should we verify the CVV against the card?","Devemos verificar o CVV em relação ao cartão?"
"Single Payment","Pagamento Único"
"Sorry, we were unable to process your request. Please try again.","Desculpe, não conseguimos processar sua solicitação. Tente novamente."
"Sort Order","Ordem de Classificação"
"Spain","Espanha"
"Storing the customers PayPal in the vault will allow them to instantly purchase any product without having to login to PayPal again.","Armazenar o PayPal do cliente no vault permitirá que ele compre instantaneamente qualquer produto sem precisar fazer login no PayPal novamente."
"Submitted For Settlement","Enviado para Liquidação"
"Testing Settings","Configurações de Teste"
"The 3D Secure feature enables the shopper to enter a password to confirm their identity with the card issuer. If accepted they then complete their order, and when received by you, you have much more confidence that is genuine and real.","O recurso 3D Secure permite que o comprador insira uma senha para confirmar sua identidade junto ao emissor do cartão. Se aceito, ele conclui o pedido e, ao recebê-lo, você tem muito mais confiança de que é genuíno e real."
"The following credit cards accounts are currently linked with your account.","As seguintes contas de cartão de crédito estão atualmente vinculadas à sua conta."
"The following PayPal accounts are currently linked with your account.","As seguintes contas PayPal estão atualmente vinculadas à sua conta."
"The locale for the PayPal popup window","O idioma da janela pop-up do PayPal"
"There are a number of errors present with the credit card form:","Há vários erros presentes no formulário de cartão de crédito:"
"There has been an issue processing your PayPal payment, please try again.","Houve um problema ao processar seu pagamento PayPal, por favor tente novamente."
"There was an issue whilst trying to process your card payment, please try again or another method.","Houve um problema ao tentar processar o pagamento do seu cartão, por favor tente novamente ou outro método."
"The vault allows you to securely store the customers credit card on Braintree's servers. We're provided with a token which allows the customer to make future payments without having to enter any details again.","O vault permite armazenar com segurança o cartão de crédito do cliente nos servidores do Braintree. Recebemos um token que permite ao cliente fazer pagamentos futuros sem precisar inserir os dados novamente."
"Title","Título"
"Transaction Date","Data da Transação"
"Type","Tipo"
"United States","Estados Unidos"
"Unrecognized","Não Reconhecido"
"Valid Credentials","Credenciais Válidas"
"Voided","Anulado"
"We cannot detect the card type for this card number, please try re-entering your card details.","Não conseguimos detectar o tipo de cartão para este número, por favor tente inserir os dados do cartão novamente."
"We cannot match this card number to any of our accepted payment methods, please try re-entering your details.","Não conseguimos corresponder este número de cartão a nenhum dos nossos métodos de pagamento aceitos, por favor tente inserir seus dados novamente."
"We require a CVV when creating card transactions.","Exigimos um CVV ao criar transações com cartão."
"We were unable to complete the request. Please try again.","Não conseguimos concluir a solicitação. Tente novamente."
"We were unable to complete your purchase through PayPal, please try again or an alternative payment method.","Não conseguimos concluir sua compra pelo PayPal, por favor tente novamente ou um método de pagamento alternativo."
"We were unable to process the country.","Não conseguimos processar o país."
"We were unable to process the response from PayPal. Please try again.","Não conseguimos processar a resposta do PayPal. Tente novamente."
"We were unable to start the express checkout.","Não conseguimos iniciar o checkout expresso."
"We\'re currently unable to process this card type, please try another card or payment method.","No momento não conseguimos processar este tipo de cartão, por favor tente outro cartão ou método de pagamento."
"You're able to use any of the listed payment methods below when purchasing through our checkout, you're able to add new payment methods within the checkout.","Você pode usar qualquer um dos métodos de pagamento listados abaixo ao comprar em nosso checkout, e pode adicionar novos métodos de pagamento durante o checkout."
"You're ready to accept payments via Braintree","Você está pronto para aceitar pagamentos via Braintree"
"You currently have no saved payment information, you can save a payment method when making a purchase.","Você atualmente não possui informações de pagamento salvas, você pode salvar um método de pagamento ao fazer uma compra."
"You must first configure the <strong>Braintree v.zero - Configuration</strong> section with your Braintree account details.","Você deve primeiro configurar a seção <strong>Braintree v.zero - Configuration</strong> com os dados da sua conta Braintree."
"Your 3D secure verification has failed, please try using another card, or payment method.","Sua verificação 3D Secure falhou, por favor tente usar outro cartão ou método de pagamento."
"Your API details above will need to reflect your Sandbox or your Production account.","Os dados da API acima precisarão refletir sua conta Sandbox ou de Produção."
"Your card payment has failed, please try again.","O pagamento do seu cartão falhou, por favor tente novamente."
"Your Order","Seu Pedido"
"Your payment has failed 3D secure verification, please try an alternate payment method.","Seu pagamento falhou na verificação 3D Secure, por favor tente um método de pagamento alternativo."
"Your transaction has been declined, please try another payment method or contacting your issuing bank.","Sua transação foi recusada, por favor tente outro método de pagamento ou entre em contato com seu banco emissor."
"You will complete your payment via PayPal after the order review step.","Você concluirá seu pagamento via PayPal após a etapa de revisão do pedido."
